area,soc,employment
12060,13-1199,43720
12060,13-2011,30150
12060,15-1252,36300
12060,35-1012,28580
12060,41-3091,33900
12060,41-4012,27650
12060,43-4051,59990
12060,43-6013,22590
12060,43-6014,25280
12060,43-9061,40710
12420,13-1082,17470
12420,13-1199,11820
12420,13-2011,12480
12420,15-1252,31960
12420,35-1012,12370
12420,41-3091,16700
12420,43-3031,11900
12420,43-4051,32690
12420,43-6014,13870
12420,43-9061,16400
12580,13-1082,14700
12580,13-1199,16400
12580,13-2011,13550
12580,15-1252,16850
12580,15-1299,9010
12580,35-1012,10940
12580,41-3091,11340
12580,43-4051,17480
12580,43-6014,29780
12580,43-9061,10880
14460,11-3021,20530
14460,13-1071,21770
14460,13-1161,32310
14460,13-2011,37150
14460,15-1252,42310
14460,41-3091,25310
14460,43-3031,21170
14460,43-4051,37780
14460,43-6014,28540
14460,43-9061,34480
15380,13-2011,4870
15380,15-1252,3960
15380,35-1012,4870
15380,41-3091,3330
15380,41-4012,3680
15380,43-3031,5890
15380,43-4051,9850
15380,43-4171,3930
15380,43-6014,6470
15380,43-9061,6230
16740,13-1082,11570
16740,13-2011,16820
16740,15-1252,20820
16740,41-3091,13980
16740,41-4012,15910
16740,43-3031,11740
16740,43-4051,26120
16740,43-6013,13380
16740,43-6014,11330
16740,43-9061,16390
16980,13-1161,30970
16980,13-2011,41360
16980,15-1252,40370
16980,41-3091,55730
16980,41-4012,38490
16980,43-3031,35660
16980,43-4051,75240
16980,43-4171,30540
16980,43-6014,50190
16980,43-9061,66840
17140,13-2011,10050
17140,15-1252,9900
17140,35-1012,10240
17140,41-3091,8960
17140,41-4012,12360
17140,43-3031,9050
17140,43-4051,19410
17140,43-5071,7650
17140,43-6014,9670
17140,43-9061,16750
17410,13-2011,10740
17410,15-1252,8460
17410,35-1012,9460
17410,41-3091,7710
17410,41-4012,11420
17410,43-3031,8660
17410,43-4051,15900
17410,43-6013,7120
17410,43-6014,10450
17410,43-9061,15700
18140,13-1199,10040
18140,13-2011,11410
18140,15-1252,9880
18140,35-1012,10780
18140,41-3091,8350
18140,41-4012,8900
18140,43-3031,9000
18140,43-4051,18550
18140,43-6014,9570
18140,43-9061,18110
19100,13-1082,43120
19100,13-1199,31200
19100,13-2011,37450
19100,15-1252,67030
19100,35-1012,39780
19100,41-3091,43560
19100,43-3031,34930
19100,43-4051,96930
19100,43-6014,37550
19100,43-9061,52740
19740,13-1082,20710
19740,13-1161,17000
19740,13-1199,28670
19740,13-2011,22720
19740,15-1252,27010
19740,41-3091,24480
19740,41-4012,17660
19740,43-4051,23560
19740,43-6014,15350
19740,43-9061,16320
19820,13-2011,19390
19820,15-1252,24870
19820,17-2112,17350
19820,17-2141,22500
19820,35-1012,13540
19820,41-4012,17190
19820,43-3031,14730
19820,43-4051,31310
19820,43-6014,16970
19820,43-9061,34570
24340,13-2011,5670
24340,15-1252,4310
24340,17-2112,4170
24340,35-1012,4290
24340,41-4012,6980
24340,43-3031,5070
24340,43-4051,9010
24340,43-5071,4710
24340,43-6014,4710
24340,43-9061,11310
25540,11-3021,4200
25540,13-2011,6780
25540,15-1252,6010
25540,35-1012,3600
25540,41-3091,3800
25540,43-3031,4660
25540,43-4051,9750
25540,43-4171,4140
25540,43-6014,6980
25540,43-9061,8350
26420,13-1082,35550
26420,13-1199,24360
26420,13-2011,28400
26420,35-1012,31290
26420,41-3091,28720
26420,41-4012,25630
26420,43-3031,26090
26420,43-4051,65510
26420,43-6014,33710
26420,43-9061,50040
26900,13-1071,7150
26900,13-2011,11210
26900,35-1012,8010
26900,41-3091,9870
26900,41-4012,10320
26900,43-3031,10000
26900,43-4051,17830
26900,43-5071,10280
26900,43-6013,8260
26900,43-9061,18280
27260,13-2011,6890
27260,15-1252,7200
27260,35-1012,7060
27260,41-3091,7700
27260,41-4012,6450
27260,43-3031,6780
27260,43-4051,17030
27260,43-6013,7710
27260,43-6014,6930
27260,43-9061,13430
28140,13-1082,8380
28140,13-1199,8350
28140,13-2011,11260
28140,15-1252,12160
28140,41-3091,9250
28140,41-4012,9930
28140,43-3031,8780
28140,43-4051,22240
28140,43-6014,15930
28140,43-9061,10520
29820,13-1199,6010
29820,35-1012,10860
29820,41-3091,8130
29820,41-4012,6040
29820,43-3031,10320
29820,43-4051,25290
29820,43-4171,8030
29820,43-5071,8170
29820,43-6014,11080
29820,43-9061,15030
31080,13-1199,50470
31080,13-2011,70640
31080,15-1252,55540
31080,35-1012,41640
31080,41-3091,50470
31080,41-4012,54950
31080,43-3031,53910
31080,43-4051,66590
31080,43-6014,58800
31080,43-9061,112270
31140,13-2011,4590
31140,35-1012,5360
31140,41-3091,5190
31140,41-4012,5860
31140,43-3031,7730
31140,43-4051,13630
31140,43-5071,6180
31140,43-6013,7910
31140,43-6014,4770
31140,43-9061,10480
32820,13-1071,3650
32820,13-2011,4390
32820,35-1012,5350
32820,41-4012,4290
32820,43-3031,6320
32820,43-4051,9360
32820,43-5071,7370
32820,43-6013,7180
32820,43-6014,5500
32820,43-9061,9060
33100,13-2011,30950
33100,35-1012,24770
33100,41-3091,30300
33100,41-4012,30740
33100,43-3031,25910
33100,43-4051,63440
33100,43-4171,19850
33100,43-6013,27020
33100,43-6014,33380
33100,43-9061,61160
33340,13-1082,6790
33340,13-2011,7960
33340,15-1252,6170
33340,41-3091,6830
33340,41-4012,10790
33340,43-3031,6750
33340,43-4051,14080
33340,43-4171,7200
33340,43-6014,7930
33340,43-9061,14820
33460,13-1082,15450
33460,13-1161,16760
33460,13-2011,21820
33460,15-1252,27410
33460,41-3091,14070
33460,41-4012,21560
33460,43-3031,16510
33460,43-4051,38630
33460,43-6014,19180
33460,43-9061,35610
34980,13-1071,8210
34980,13-1082,7950
34980,13-2011,11290
34980,35-1012,8950
34980,41-3091,9370
34980,43-3031,13790
34980,43-4051,20770
34980,43-6013,12970
34980,43-6014,12100
34980,43-9061,16770
35620,13-1161,79290
35620,13-2011,111930
35620,15-1252,121000
35620,41-3091,91680
35620,43-3031,77010
35620,43-4051,125570
35620,43-4171,74190
35620,43-6011,76950
35620,43-6014,122680
35620,43-9061,136580
36420,13-1082,5690
36420,13-2011,6700
36420,15-1232,4190
36420,35-1012,7760
36420,41-3091,4350
36420,41-4012,5700
36420,43-3031,6470
36420,43-4051,15610
36420,43-6014,7070
36420,43-9061,12360
36740,13-1082,11690
36740,15-1252,13440
36740,35-1012,15110
36740,41-3091,18340
36740,41-4012,10740
36740,43-3031,11440
36740,43-4051,35690
36740,43-6013,13050
36740,43-6014,12220
36740,43-9061,22330
37980,13-1161,17600
37980,13-2011,29370
37980,15-1252,28480
37980,41-3091,19260
37980,41-4012,19060
37980,43-3031,22660
37980,43-4051,41740
37980,43-4171,22210
37980,43-6014,32850
37980,43-9061,45660
38060,13-1082,17790
38060,13-2011,21360
38060,15-1252,29380
38060,41-3091,19810
38060,43-3031,16280
38060,43-4051,68930
38060,43-4171,16850
38060,43-5071,15790
38060,43-6014,22010
38060,43-9061,34540
38300,13-1082,7280
38300,13-2011,10430
38300,15-1252,10320
38300,35-1012,9180
38300,41-3091,7330
38300,41-4012,8760
38300,43-3031,9250
38300,43-4051,17280
38300,43-6014,12160
38300,43-9061,19150
38900,13-1082,14440
38900,13-1199,10900
38900,13-2011,10100
38900,15-1252,18260
38900,35-1012,9900
38900,41-4012,10670
38900,43-3031,12170
38900,43-4051,12720
38900,43-6014,13510
38900,43-9061,15920
39300,13-1082,4230
39300,13-2011,8250
39300,15-1252,5020
39300,35-1012,5340
39300,41-4012,6400
39300,43-3031,6400
39300,43-4051,10620
39300,43-4171,5550
39300,43-6014,7020
39300,43-9061,10690
39580,13-1082,7930
39580,13-1199,8820
39580,13-2011,9190
39580,15-1252,12580
39580,41-3091,8970
39580,41-4012,7550
39580,43-3031,7550
39580,43-4051,13620
39580,43-6013,7600
39580,43-9061,11350
40060,13-1082,6380
40060,13-1199,5880
40060,13-2011,7920
40060,15-1252,7680
40060,41-3091,5710
40060,41-4012,5080
40060,43-3031,4890
40060,43-4051,10960
40060,43-6014,4940
40060,43-9061,10890
40140,13-1199,10450
40140,35-1012,17380
40140,41-3091,9270
40140,41-4012,11950
40140,43-3031,12710
40140,43-4051,15180
40140,43-5071,15120
40140,43-6013,10530
40140,43-6014,13210
40140,43-9061,27620
40900,13-1199,8400
40900,13-2011,13170
40900,15-1232,13820
40900,15-1252,7460
40900,35-1012,7390
40900,43-3031,8680
40900,43-4051,11510
40900,43-6013,7710
40900,43-6014,8450
40900,43-9061,21340
41180,13-1082,10450
41180,13-2011,13610
41180,15-1252,9820
41180,35-1012,10090
41180,41-4012,10710
41180,43-3031,9950
41180,43-4051,23760
41180,43-4171,8700
41180,43-6014,15000
41180,43-9061,22540
41620,13-1082,8990
41620,13-1161,8250
41620,13-2011,8660
41620,15-1252,19040
41620,41-3091,7900
41620,41-4012,8370
41620,43-4051,26620
41620,43-5071,10550
41620,43-6014,6670
41620,43-9061,16260
41700,13-1082,9990
41700,13-1199,11970
41700,13-2011,8360
41700,15-1252,8010
41700,35-1012,12200
41700,41-3091,9460
41700,43-3031,8960
41700,43-4051,34730
41700,43-6014,12260
41700,43-9061,15890
41740,13-1199,15690
41740,13-2011,13450
41740,15-1252,20610
41740,35-1012,12920
41740,41-3091,11730
41740,43-3031,12830
41740,43-4051,14030
41740,43-6013,11260
41740,43-6014,12070
41740,43-9061,28470
41860,11-3021,23830
41860,13-1082,20770
41860,13-1161,24120
41860,13-1199,23400
41860,13-2011,25170
41860,15-1252,69030
41860,41-3091,29980
41860,43-4051,19930
41860,43-6014,20270
41860,43-9061,37590
41940,11-3021,19070
41940,13-1082,10300
41940,13-1161,12710
41940,13-1199,11970
41940,13-2011,13180
41940,15-1252,87350
41940,15-1299,16680
41940,41-3091,13390
41940,43-4051,8860
41940,43-9061,13470
41980,13-1199,7980
41980,13-2011,10260
41980,15-1232,4690
41980,35-1012,4820
41980,43-3031,5110
41980,43-4051,15940
41980,43-6011,6090
41980,43-6013,5330
41980,43-6014,12690
41980,43-9061,14400
42660,13-1082,26910
42660,13-1161,18030
42660,13-1199,38800
42660,13-2011,22100
42660,15-1211,19050
42660,15-1252,92770
42660,41-4012,16510
42660,43-3031,17860
42660,43-4051,25840
42660,43-9061,27460
45300,13-2011,14770
45300,15-1252,14230
45300,35-1012,12140
45300,41-3091,16050
45300,41-4012,13460
45300,43-3031,12750
45300,43-4051,34150
45300,43-6013,16350
45300,43-6014,14780
45300,43-9061,23680
47260,13-1082,6040
47260,13-1199,8670
47260,13-2011,6160
47260,15-1252,7160
47260,35-1012,6770
47260,41-3091,5810
47260,43-3031,5880
47260,43-4051,10960
47260,43-6014,5730
47260,43-9061,12490
47900,13-1071,24450
47900,13-1082,38230
47900,13-1199,76600
47900,13-2011,41470
47900,15-1252,69060
47900,27-3031,22810
47900,41-3091,29300
47900,43-4051,36750
47900,43-6014,37010
47900,43-9061,39410
