area,title,total_employment,exposed_employment
12060,"Atlanta-Sandy Springs-Roswell, GA",2889670,847140
12420,"Austin-Round Rock-San Marcos, TX",1293690,427110
12580,"Baltimore-Columbia-Towson, MD",1356680,384270
14460,"Boston-Cambridge-Newton, MA-NH",2703890,795460
15380,"Buffalo-Cheektowaga, NY",534550,138000
16740,"Charlotte-Concord-Gastonia, NC-SC",1358370,397920
16980,"Chicago-Naperville-Elgin, IL-IN",4513280,1130060
17140,"Cincinnati, OH-KY-IN",1101030,286000
17410,"Cleveland, OH",1031130,264320
18140,"Columbus, OH",1105580,291050
19100,"Dallas-Fort Worth-Arlington, TX",4049800,1187320
19740,"Denver-Aurora-Centennial, CO",1609350,520510
19820,"Detroit-Warren-Dearborn, MI",1904530,525820
24340,"Grand Rapids-Wyoming-Kentwood, MI",598260,137850
25540,"Hartford-West Hartford-East Hartford, CT",599770,152820
26420,"Houston-Pasadena-The Woodlands, TX",3289720,834700
26900,"Indianapolis-Carmel-Greenwood, IN",1105170,272580
27260,"Jacksonville, FL",765930,213140
28140,"Kansas City, MO-KS",1096110,296060
29820,"Las Vegas-Henderson-North Las Vegas, NV",1136960,239820
31080,"Los Angeles-Long Beach-Anaheim, CA",6271560,1651020
31140,"Louisville/Jefferson County, KY-IN",685190,159500
32820,"Memphis, TN-MS-AR",611670,136750
33100,"Miami-Fort Lauderdale-West Palm Beach, FL",2819940,756650
33340,"Milwaukee-Waukesha, WI",820780,212820
33460,"Minneapolis-St. Paul-Bloomington, MN-WI",1951650,543990
34980,"Nashville-Davidson--Murfreesboro--Franklin, TN",1099300,288090
35620,"New York-Newark-Jersey City, NY-NJ",9492000,2636080
36420,"Oklahoma City, OK",677680,182600
36740,"Orlando-Kissimmee-Sanford, FL",1411730,380510
37980,"Philadelphia-Camden-Wilmington, PA-NJ-DE-MD",2897830,736180
38060,"Phoenix-Mesa-Chandler, AZ",2375760,651030
38300,"Pittsburgh, PA",1114490,272410
38900,"Portland-Vancouver-Hillsboro, OR-WA",1208410,332200
39300,"Providence-Warwick, RI-MA",714120,162690
39580,"Raleigh-Cary, NC",743120,241120
40060,"Richmond, VA",660350,179870
40140,"Riverside-San Bernardino-Ontario, CA",1716760,320000
40900,"Sacramento-Roseville-Folsom, CA",1080590,276120
41180,"St. Louis, MO-IL",1341320,335990
41620,"Salt Lake City-Murray, UT",826210,263990
41700,"San Antonio-New Braunfels, TX",1126880,301930
41740,"San Diego-Chula Vista-Carlsbad, CA",1538060,409240
41860,"San Francisco-Oakland-Fremont, CA",2373920,741630
41940,"San Jose-Sunnyvale-Santa Clara, CA",1134970,436170
41980,"San Juan-Bayamon-Caguas, PR",690810,184850
42660,"Seattle-Tacoma-Bellevue, WA",2086210,713310
45300,"Tampa-St. Petersburg-Clearwater, FL",1447120,421150
47260,"Virginia Beach-Chesapeake-Norfolk, VA-NC",763060,191520
47900,"Washington-Arlington-Alexandria, DC-VA-MD-WV",3136190,1004110
